ablation_variant,total_cases,available_cases,unavailable_cases,availability_ratio,top1_preservation_rate,top3_preservation_rate,near_best_preservation_rate,mean_relative_regret,median_relative_regret,max_relative_regret,mean_ablation_best_p95,mean_global_best_p95
full_schema_lens,252,252,0,1.0,0.8571428571428571,0.9880952380952381,0.9126984126984127,0.03955421049157129,0.0,2.051029304576128,494.0398975295177,490.00649141504573
no_depth,252,252,0,1.0,0.5238095238095238,0.9841269841269841,0.6507936507936508,0.6046954330156511,0.0,23.021505999267873,500.6602366839413,490.00649141504573
no_relationship_semantics,252,234,18,0.9285714285714286,0.43162393162393164,0.8418803418803419,0.5769230769230769,0.9821078698036104,0.016608733965291445,23.021505999267873,534.6955957904092,527.5996333441288
no_relationship_semantics_no_depth,252,234,18,0.9285714285714286,0.38461538461538464,0.7649572649572649,0.5128205128205128,1.042131151257992,0.04310351287709887,23.021505999267873,536.0014964068804,527.5996333441288
no_residual_traversal,252,252,0,1.0,0.45634920634920634,0.9841269841269841,0.6150793650793651,0.6532644732704747,0.012068427440293239,23.021505999267873,506.13221069751535,490.00649141504573
no_sharedness,252,252,0,1.0,0.45634920634920634,0.9722222222222222,0.5912698412698413,0.7702283817323283,0.008840863536431563,23.021505999267873,501.7208468146078,490.00649141504573
no_update_volatility,252,252,0,1.0,0.4642857142857143,0.8968253968253969,0.6111111111111112,0.7620423844096704,0.006473682801159138,23.021505999267873,506.1169086677356,490.00649141504573
