ablation_variant,total_cases,available_cases,unavailable_cases,availability_ratio,top1_preservation_rate,top3_preservation_rate,near_best_preservation_rate,mean_relative_regret,median_relative_regret,max_relative_regret,mean_ablation_best_p95,mean_global_best_p95
full_schema_lens,126,126,0,1.0,0.8650793650793651,1.0,0.9206349206349206,0.03240063559223409,0.0,1.3903518947787055,37.21692986907747,36.71034903764805
no_depth,126,126,0,1.0,0.5793650793650794,0.9920634920634921,0.6825396825396826,0.1435235408712272,0.0,4.4597625260627956,40.18642021427594,36.71034903764805
no_relationship_semantics,126,117,9,0.9285714285714286,0.47863247863247865,0.8803418803418803,0.6324786324786325,0.15802620520337496,0.003173441725887581,2.6478224961942844,41.495196813007674,39.41960091203024
no_relationship_semantics_no_depth,126,117,9,0.9285714285714286,0.42735042735042733,0.7692307692307693,0.5641025641025641,0.19858210973206658,0.013747497673885495,2.648667054657627,43.46803478095578,39.41960091203024
no_residual_traversal,126,126,0,1.0,0.49206349206349204,0.9920634920634921,0.6507936507936508,0.15730488996267208,0.003084787316052535,4.4597625260627956,40.37746762893105,36.71034903764805
no_sharedness,126,126,0,1.0,0.5317460317460317,0.9920634920634921,0.6904761904761905,0.12319692057420156,0.0,2.1382713044901154,38.46730440141578,36.71034903764805
no_update_volatility,126,126,0,1.0,0.5396825396825397,0.9444444444444444,0.6904761904761905,0.1285989599017931,0.0,2.8790406538936586,38.71769391791156,36.71034903764805
