baseline,total_cases,available_cases,unavailable_cases,availability_ratio,top1_preservation_rate,top3_preservation_rate,near_best_preservation_rate,mean_relative_regret,median_relative_regret,max_relative_regret,mean_baseline_best_p95,mean_global_best_p95
always_embed,126,90,36,0.7142857142857143,0.4111111111111111,0.9333333333333333,0.5888888888888889,0.1909262128845655,0.0059034376334486,2.041564377275861,524.0165368084126,511.5755686917934
always_reference,126,126,0,1.0,0.6984126984126984,0.9682539682539683,0.8412698412698413,0.04355780267077541,0.0,0.7029070821009586,490.6247328576322,487.5601931393739
depth_only,126,90,36,0.7142857142857143,0.5333333333333333,0.8777777777777778,0.6777777777777778,0.09801391984904308,0.0,1.151682445593798,638.6999675502416,612.8741083663367
random_k,126,126,0,1.0,0.8882222222222222,0.995531746031746,0.9446428571428572,0.021211011770630592,0.0,0.7424479118118287,488.52337223175414,487.5601931393739
relationship_type_only,126,117,9,0.9285714285714286,0.5299145299145299,0.8205128205128205,0.6666666666666666,0.9045510003453323,0.0,38.0906530366016,533.4186027498097,524.990620712035
schema_lens,126,126,0,1.0,0.8492063492063492,1.0,0.9285714285714286,0.028880530766860313,0.0,1.3903518947787057,489.7039487154885,487.5601931393739
