baseline,total_cases,available_cases,unavailable_cases,availability_ratio,top1_preservation_rate,top3_preservation_rate,near_best_preservation_rate,mean_relative_regret,median_relative_regret,max_relative_regret,mean_baseline_best_p95,mean_global_best_p95
always_embed,252,180,72,0.7142857142857143,0.4444444444444444,0.9444444444444444,0.6222222222222222,0.3079804875926744,0.005092793049836058,7.6786875503202205,528.0161109475476,513.8857300524796
always_reference,252,252,0,1.0,0.6746031746031746,0.9166666666666666,0.7817460317460317,0.12360581545973155,0.0,3.508891757148259,496.7675103688144,490.00649141504573
depth_only,252,180,72,0.7142857142857143,0.5166666666666667,0.8833333333333333,0.6777777777777778,0.1450848923871841,0.0,4.59425650156169,640.5928450777436,616.9611301838268
random_k,252,252,0,1.0,0.8885039682539683,0.9956031746031746,0.9378968253968254,0.029253942313436213,0.0,1.6008380038399734,491.9583307403102,490.00649141504573
relationship_type_only,252,234,18,0.9285714285714286,0.5042735042735043,0.7991452991452992,0.6367521367521367,0.9918569772593513,0.0,38.0906530366016,538.2020128138665,527.5996333441288
schema_lens,252,252,0,1.0,0.8571428571428571,0.9880952380952381,0.9126984126984127,0.03955421049157129,0.0,2.051029304576128,494.0398975295177,490.00649141504573
